Workbook

Sheet OEE Dashboard
A2: INVA | C2: MAX | G2: OEE TRACKING FORM | S2: NGÀY | U2: 46302 | W2: CA | Y2: Ca 1 | AA2: MÃ MÁY | AD2: MAY-01
G4: THEO DÕI HIỆU SUẤT THIẾT BỊ | INVAMAX | S4: SP | U4: SP-A | W4: MỤC TIÊU OEE | AA4: 0.85
A6: A • AVAILABILITY | I6: P • PERFORMANCE | Q6: Q • QUALITY | Y6: OEE • TỔNG HIỆU SUẤT
A7: =IFERROR(SUM(P16:P23)/SUM(J16:J23),0) -> 0.89555556 | I7: =IFERROR(SUMPRODUCT(S16:S23,V16:V23)/(SUM(P16:P23)*60),0) -> 0.88547146 | Q7: =IFERROR(SUM(Y16:Y23)/SUM(V16:V23),0) -> 0.99570308 | Y7: =A7*I7*Q7 -> 0.78958148
A11: Run time / Planned production time | I11: Ideal time / Run time | Q11: Good count / Total count | Y11: Availability × Performance × Quality
A12: BỘ LỌC: ngày / ca / máy ở góc trên phải • Ô xanh nhạt: có thể nhập • Ô xanh lục: công thức • DỮ LIỆU MẪU
A13: ⚙ DỮ LIỆU SẢN XUẤT THEO GIỜ / CA
A14: Giờ | D14: Phút ca | G14: Nghỉ KH | J14: PPT (phút) | M14: Dừng máy | P14: Run (phút) | S14: Cycle (s/sp) | V14: Tổng SP | Y14: SP đạt | AB14: SP lỗi | AE14: OEE
A16: 06:00 - 07:00 | D16: =SUMIFS('Production Data'!$E$6:$E$1000,'Production Data'!$A$6:$A$1000,$U$2,'Production Data'!$B$6:$B$1000,$Y$2,'Production Data'!$C$6:$C$1000,$AD$2,'Production Data'!$D$6:$D$1000,$A16) -> 60 | G16: =SUMIFS('Production Data'!$F$6:$F$1000,'Production Data'!$A$6:$A$1000,$U$2,'Production Data'!$B$6:$B$1000,$Y$2,'Production Data'!$C$6:$C$1000,$AD$2,'Production Data'!$D$6:$D$1000,$A16) -> 0 | J16: =SUMIFS('Production Data'!$G$6:$G$1000,'Production Data'!$A$6:$A$1000,$U$2,'Production Data'!$B$6:$B$1000,$Y$2,'Production Data'!$C$6:$C$1000,$AD$2,'Production Data'!$D$6:$D$1000,$A16) -> 60 | M16: =SUMIFS('Production Data'!$L$6:$L$1000,'Production Data'!$A$6:$A$1000,$U$2,'Production Data'!$B$6:$B$1000,$Y$2,'Production Data'!$C$6:$C$1000,$AD$2,'Production Data'!$D$6:$D$1000,$A16) -> 4 | P16: =SUMIFS('Production Data'!$M$6:$M$1000,'Production Data'!$A$6:$A$1000,$U$2,'Production Data'!$B$6:$B$1000,$Y$2,'Production Data'!$C$6:$C$1000,$AD$2,'Production Data'!$D$6:$D$1000,$A16) -> 56 | S16: =IFERROR(SUMIFS('Production Data'!$H$6:$H$1000,'Production Data'!$A$6:$A$1000,$U$2,'Production Data'!$B$6:$B$1000,$Y$2,'Production Data'!$C$6:$C$1000,$AD$2,'Production Data'!$D$6:$D$1000,$A16)/COUNTIFS('Production Data'!$A$6:$A$1000,$U$2,'Production Data'!$B$6:$B$1000,$Y$2,'Production Data'!$C$6:$C$1000,$AD$2,'Production Data'!$D$6:$D$1000,$A16),0) -> 2.3 | V16: =SUMIFS('Production Data'!$I$6:$I$1000,'Production Data'!$A$6:$A$1000,$U$2,'Production Data'!$B$6:$B$1000,$Y$2,'Production Data'!$C$6:$C$1000,$AD$2,'Production Data'!$D$6:$D$1000,$A16) -> 1320 | Y16: =SUMIFS('Production Data'!$K$6:$K$1000,'Production Data'!$A$6:$A$1000,$U$2,'Production Data'!$B$6:$B$1000,$Y$2,'Production Data'!$C$6:$C$1000,$AD$2,'Production Data'!$D$6:$D$1000,$A16) -> 1316 | AB16: =SUMIFS('Production Data'!$J$6:$J$1000,'Production Data'!$A$6:$A$1000,$U$2,'Production Data'!$B$6:$B$1000,$Y$2,'Production Data'!$C$6:$C$1000,$AD$2,'Production Data'!$D$6:$D$1000,$A16) -> 4 | AE16: =IFERROR((P16/J16)*(S16*V16/(P16*60))*(Y16/V16),0) -> 0.84077778
A17: 07:00 - 08:00 | D17: =SUMIFS('Production Data'!$E$6:$E$1000,'Production Data'!$A$6:$A$1000,$U$2,'Production Data'!$B$6:$B$1000,$Y$2,'Production Data'!$C$6:$C$1000,$AD$2,'Production Data'!$D$6:$D$1000,$A17) -> 60 | G17: =SUMIFS('Production Data'!$F$6:$F$1000,'Production Data'!$A$6:$A$1000,$U$2,'Production Data'!$B$6:$B$1000,$Y$2,'Production Data'!$C$6:$C$1000,$AD$2,'Production Data'!$D$6:$D$1000,$A17) -> 0 | J17: =SUMIFS('Production Data'!$G$6:$G$1000,'Production Data'!$A$6:$A$1000,$U$2,'Production Data'!$B$6:$B$1000,$Y$2,'Production Data'!$C$6:$C$1000,$AD$2,'Production Data'!$D$6:$D$1000,$A17) -> 60 | M17: =SUMIFS('Production Data'!$L$6:$L$1000,'Production Data'!$A$6:$A$1000,$U$2,'Production Data'!$B$6:$B$1000,$Y$2,'Production Data'!$C$6:$C$1000,$AD$2,'Production Data'!$D$6:$D$1000,$A17) -> 9 | P17: =SUMIFS('Production Data'!$M$6:$M$1000,'Production Data'!$A$6:$A$1000,$U$2,'Production Data'!$B$6:$B$1000,$Y$2,'Production Data'!$C$6:$C$1000,$AD$2,'Production Data'!$D$6:$D$1000,$A17) -> 51 | S17: =IFERROR(SUMIFS('Production Data'!$H$6:$H$1000,'Production Data'!$A$6:$A$1000,$U$2,'Production Data'!$B$6:$B$1000,$Y$2,'Production Data'!$C$6:$C$1000,$AD$2,'Production Data'!$D$6:$D$1000,$A17)/COUNTIFS('Production Data'!$A$6:$A$1000,$U$2,'Production Data'!$B$6:$B$1000,$Y$2,'Production Data'!$C$6:$C$1000,$AD$2,'Production Data'!$D$6:$D$1000,$A17),0) -> 2.3 | V17: =SUMIFS('Production Data'!$I$6:$I$1000,'Production Data'!$A$6:$A$1000,$U$2,'Production Data'!$B$6:$B$1000,$Y$2,'Production Data'!$C$6:$C$1000,$AD$2,'Production Data'!$D$6:$D$1000,$A17) -> 1230 | Y17: =SUMIFS('Production Data'!$K$6:$K$1000,'Production Data'!$A$6:$A$1000,$U$2,'Production Data'!$B$6:$B$1000,$Y$2,'Production Data'!$C$6:$C$1000,$AD$2,'Production Data'!$D$6:$D$1000,$A17) -> 1224 | AB17: =SUMIFS('Production Data'!$J$6:$J$1000,'Production Data'!$A$6:$A$1000,$U$2,'Production Data'!$B$6:$B$1000,$Y$2,'Production Data'!$C$6:$C$1000,$AD$2,'Production Data'!$D$6:$D$1000,$A17) -> 6 | AE17: =IFERROR((P17/J17)*(S17*V17/(P17*60))*(Y17/V17),0) -> 0.782
A18: 08:00 - 09:00 | D18: =SUMIFS('Production Data'!$E$6:$E$1000,'Production Data'!$A$6:$A$1000,$U$2,'Production Data'!$B$6:$B$1000,$Y$2,'Production Data'!$C$6:$C$1000,$AD$2,'Production Data'!$D$6:$D$1000,$A18) -> 60 | G18: =SUMIFS('Production Data'!$F$6:$F$1000,'Production Data'!$A$6:$A$1000,$U$2,'Production Data'!$B$6:$B$1000,$Y$2,'Production Data'!$C$6:$C$1000,$AD$2,'Production Data'!$D$6:$D$1000,$A18) -> 0 | J18: =SUMIFS('Production Data'!$G$6:$G$1000,'Production Data'!$A$6:$A$1000,$U$2,'Production Data'!$B$6:$B$1000,$Y$2,'Production Data'!$C$6:$C$1000,$AD$2,'Production Data'!$D$6:$D$1000,$A18) -> 60 | M18: =SUMIFS('Production Data'!$L$6:$L$1000,'Production Data'!$A$6:$A$1000,$U$2,'Production Data'!$B$6:$B$1000,$Y$2,'Production Data'!$C$6:$C$1000,$AD$2,'Production Data'!$D$6:$D$1000,$A18) -> 5 | P18: =SUMIFS('Production Data'!$M$6:$M$1000,'Production Data'!$A$6:$A$1000,$U$2,'Production Data'!$B$6:$B$1000,$Y$2,'Production Data'!$C$6:$C$1000,$AD$2,'Production Data'!$D$6:$D$1000,$A18) -> 55 | S18: =IFERROR(SUMIFS('Production Data'!$H$6:$H$1000,'Production Data'!$A$6:$A$1000,$U$2,'Production Data'!$B$6:$B$1000,$Y$2,'Production Data'!$C$6:$C$1000,$AD$2,'Production Data'!$D$6:$D$1000,$A18)/COUNTIFS('Production Data'!$A$6:$A$1000,$U$2,'Production Data'!$B$6:$B$1000,$Y$2,'Production Data'!$C$6:$C$1000,$AD$2,'Production Data'!$D$6:$D$1000,$A18),0) -> 2.3 | V18: =SUMIFS('Production Data'!$I$6:$I$1000,'Production Data'!$A$6:$A$1000,$U$2,'Production Data'!$B$6:$B$1000,$Y$2,'Production Data'!$C$6:$C$1000,$AD$2,'Production Data'!$D$6:$D$1000,$A18) -> 1357 | Y18: =SUMIFS('Production Data'!$K$6:$K$1000,'Production Data'!$A$6:$A$1000,$U$2,'Production Data'!$B$6:$B$1000,$Y$2,'Production Data'!$C$6:$C$1000,$AD$2,'Production Data'!$D$6:$D$1000,$A18) -> 1349 | AB18: =SUMIFS('Production Data'!$J$6:$J$1000,'Production Data'!$A$6:$A$1000,$U$2,'Production Data'!$B$6:$B$1000,$Y$2,'Production Data'!$C$6:$C$1000,$AD$2,'Production Data'!$D$6:$D$1000,$A18) -> 8 | AE18: =IFERROR((P18/J18)*(S18*V18/(P18*60))*(Y18/V18),0) -> 0.86186111
A19: 09:00 - 10:00 | D19: =SUMIFS('Production Data'!$E$6:$E$1000,'Production Data'!$A$6:$A$1000,$U$2,'Production Data'!$B$6:$B$1000,$Y$2,'Production Data'!$C$6:$C$1000,$AD$2,'Production Data'!$D$6:$D$1000,$A19) -> 60 | G19: =SUMIFS('Production Data'!$F$6:$F$1000,'Production Data'!$A$6:$A$1000,$U$2,'Production Data'!$B$6:$B$1000,$Y$2,'Production Data'!$C$6:$C$1000,$AD$2,'Production Data'!$D$6:$D$1000,$A19) -> 0 | J19: =SUMIFS('Production Data'!$G$6:$G$1000,'Production Data'!$A$6:$A$1000,$U$2,'Production Data'!$B$6:$B$1000,$Y$2,'Production Data'!$C$6:$C$1000,$AD$2,'Production Data'!$D$6:$D$1000,$A19) -> 60 | M19: =SUMIFS('Production Data'!$L$6:$L$1000,'Production Data'!$A$6:$A$1000,$U$2,'Production Data'!$B$6:$B$1000,$Y$2,'Production Data'!$C$6:$C$1000,$AD$2,'Production Data'!$D$6:$D$1000,$A19) -> 9 | P19: =SUMIFS('Production Data'!$M$6:$M$1000,'Production Data'!$A$6:$A$1000,$U$2,'Production Data'!$B$6:$B$1000,$Y$2,'Production Data'!$C$6:$C$1000,$AD$2,'Production Data'!$D$6:$D$1000,$A19) -> 51 | S19: =IFERROR(SUMIFS('Production Data'!$H$6:$H$1000,'Production Data'!$A$6:$A$1000,$U$2,'Production Data'!$B$6:$B$1000,$Y$2,'Production Data'!$C$6:$C$1000,$AD$2,'Production Data'!$D$6:$D$1000,$A19)/COUNTIFS('Production Data'!$A$6:$A$1000,$U$2,'Production Data'!$B$6:$B$1000,$Y$2,'Production Data'!$C$6:$C$1000,$AD$2,'Production Data'!$D$6:$D$1000,$A19),0) -> 2.3 | V19: =SUMIFS('Production Data'!$I$6:$I$1000,'Production Data'!$A$6:$A$1000,$U$2,'Production Data'!$B$6:$B$1000,$Y$2,'Production Data'!$C$6:$C$1000,$AD$2,'Production Data'!$D$6:$D$1000,$A19) -> 1090 | Y19: =SUMIFS('Production Data'!$K$6:$K$1000,'Production Data'!$A$6:$A$1000,$U$2,'Production Data'!$B$6:$B$1000,$Y$2,'Production Data'!$C$6:$C$1000,$AD$2,'Production Data'!$D$6:$D$1000,$A19) -> 1088 | AB19: =SUMIFS('Production Data'!$J$6:$J$1000,'Production Data'!$A$6:$A$1000,$U$2,'Production Data'!$B$6:$B$1000,$Y$2,'Production Data'!$C$6:$C$1000,$AD$2,'Production Data'!$D$6:$D$1000,$A19) -> 2 | AE19: =IFERROR((P19/J19)*(S19*V19/(P19*60))*(Y19/V19),0) -> 0.69511111
A20: 10:00 - 11:00 | D20: =SUMIFS('Production Data'!$E$6:$E$1000,'Production Data'!$A$6:$A$1000,$U$2,'Production Data'!$B$6:$B$1000,$Y$2,'Production Data'!$C$6:$C$1000,$AD$2,'Production Data'!$D$6:$D$1000,$A20) -> 60 | G20: =SUMIFS('Production Data'!$F$6:$F$1000,'Production Data'!$A$6:$A$1000,$U$2,'Production Data'!$B$6:$B$1000,$Y$2,'Production Data'!$C$6:$C$1000,$AD$2,'Production Data'!$D$6:$D$1000,$A20) -> 0 | J20: =SUMIFS('Production Data'!$G$6:$G$1000,'Production Data'!$A$6:$A$1000,$U$2,'Production Data'!$B$6:$B$1000,$Y$2,'Production Data'!$C$6:$C$1000,$AD$2,'Production Data'!$D$6:$D$1000,$A20) -> 60 | M20: =SUMIFS('Production Data'!$L$6:$L$1000,'Production Data'!$A$6:$A$1000,$U$2,'Production Data'!$B$6:$B$1000,$Y$2,'Production Data'!$C$6:$C$1000,$AD$2,'Production Data'!$D$6:$D$1000,$A20) -> 6 | P20: =SUMIFS('Production Data'!$M$6:$M$1000,'Production Data'!$A$6:$A$1000,$U$2,'Production Data'!$B$6:$B$1000,$Y$2,'Production Data'!$C$6:$C$1000,$AD$2,'Production Data'!$D$6:$D$1000,$A20) -> 54 | S20: =IFERROR(SUMIFS('Production Data'!$H$6:$H$1000,'Production Data'!$A$6:$A$1000,$U$2,'Production Data'!$B$6:$B$1000,$Y$2,'Production Data'!$C$6:$C$1000,$AD$2,'Production Data'!$D$6:$D$1000,$A20)/COUNTIFS('Production Data'!$A$6:$A$1000,$U$2,'Production Data'!$B$6:$B$1000,$Y$2,'Production Data'!$C$6:$C$1000,$AD$2,'Production Data'!$D$6:$D$1000,$A20),0) -> 2.3 | V20: =SUMIFS('Production Data'!$I$6:$I$1000,'Production Data'!$A$6:$A$1000,$U$2,'Production Data'!$B$6:$B$1000,$Y$2,'Production Data'!$C$6:$C$1000,$AD$2,'Production Data'!$D$6:$D$1000,$A20) -> 1184 | Y20: =SUMIFS('Production Data'!$K$6:$K$1000,'Production Data'!$A$6:$A$1000,$U$2,'Production Data'!$B$6:$B$1000,$Y$2,'Production Data'!$C$6:$C$1000,$AD$2,'Production Data'!$D$6:$D$1000,$A20) -> 1180 | AB20: =SUMIFS('Production Data'!$J$6:$J$1000,'Production Data'!$A$6:$A$1000,$U$2,'Production Data'!$B$6:$B$1000,$Y$2,'Production Data'!$C$6:$C$1000,$AD$2,'Production Data'!$D$6:$D$1000,$A20) -> 4 | AE20: =IFERROR((P20/J20)*(S20*V20/(P20*60))*(Y20/V20),0) -> 0.75388889
A21: 11:00 - 12:00 | D21: =SUMIFS('Production Data'!$E$6:$E$1000,'Production Data'!$A$6:$A$1000,$U$2,'Production Data'!$B$6:$B$1000,$Y$2,'Production Data'!$C$6:$C$1000,$AD$2,'Production Data'!$D$6:$D$1000,$A21) -> 60 | G21: =SUMIFS('Production Data'!$F$6:$F$1000,'Production Data'!$A$6:$A$1000,$U$2,'Production Data'!$B$6:$B$1000,$Y$2,'Production Data'!$C$6:$C$1000,$AD$2,'Production Data'!$D$6:$D$1000,$A21) -> 0 | J21: =SUMIFS('Production Data'!$G$6:$G$1000,'Production Data'!$A$6:$A$1000,$U$2,'Production Data'!$B$6:$B$1000,$Y$2,'Production Data'!$C$6:$C$1000,$AD$2,'Production Data'!$D$6:$D$1000,$A21) -> 60 | M21: =SUMIFS('Production Data'!$L$6:$L$1000,'Production Data'!$A$6:$A$1000,$U$2,'Production Data'!$B$6:$B$1000,$Y$2,'Production Data'!$C$6:$C$1000,$AD$2,'Production Data'!$D$6:$D$1000,$A21) -> 3 | P21: =SUMIFS('Production Data'!$M$6:$M$1000,'Production Data'!$A$6:$A$1000,$U$2,'Production Data'!$B$6:$B$1000,$Y$2,'Production Data'!$C$6:$C$1000,$AD$2,'Production Data'!$D$6:$D$1000,$A21) -> 57 | S21: =IFERROR(SUMIFS('Production Data'!$H$6:$H$1000,'Production Data'!$A$6:$A$1000,$U$2,'Production Data'!$B$6:$B$1000,$Y$2,'Production Data'!$C$6:$C$1000,$AD$2,'Production Data'!$D$6:$D$1000,$A21)/COUNTIFS('Production Data'!$A$6:$A$1000,$U$2,'Production Data'!$B$6:$B$1000,$Y$2,'Production Data'!$C$6:$C$1000,$AD$2,'Production Data'!$D$6:$D$1000,$A21),0) -> 2.3 | V21: =SUMIFS('Production Data'!$I$6:$I$1000,'Production Data'!$A$6:$A$1000,$U$2,'Production Data'!$B$6:$B$1000,$Y$2,'Production Data'!$C$6:$C$1000,$AD$2,'Production Data'!$D$6:$D$1000,$A21) -> 1281 | Y21: =SUMIFS('Production Data'!$K$6:$K$1000,'Production Data'!$A$6:$A$1000,$U$2,'Production Data'!$B$6:$B$1000,$Y$2,'Production Data'!$C$6:$C$1000,$AD$2,'Production Data'!$D$6:$D$1000,$A21) -> 1275 | AB21: =SUMIFS('Production Data'!$J$6:$J$1000,'Production Data'!$A$6:$A$1000,$U$2,'Production Data'!$B$6:$B$1000,$Y$2,'Production Data'!$C$6:$C$1000,$AD$2,'Production Data'!$D$6:$D$1000,$A21) -> 6 | AE21: =IFERROR((P21/J21)*(S21*V21/(P21*60))*(Y21/V21),0) -> 0.81458333
A22: 12:00 - 13:00 | D22: =SUMIFS('Production Data'!$E$6:$E$1000,'Production Data'!$A$6:$A$1000,$U$2,'Production Data'!$B$6:$B$1000,$Y$2,'Production Data'!$C$6:$C$1000,$AD$2,'Production Data'!$D$6:$D$1000,$A22) -> 60 | G22: =SUMIFS('Production Data'!$F$6:$F$1000,'Production Data'!$A$6:$A$1000,$U$2,'Production Data'!$B$6:$B$1000,$Y$2,'Production Data'!$C$6:$C$1000,$AD$2,'Production Data'!$D$6:$D$1000,$A22) -> 30 | J22: =SUMIFS('Production Data'!$G$6:$G$1000,'Production Data'!$A$6:$A$1000,$U$2,'Production Data'!$B$6:$B$1000,$Y$2,'Production Data'!$C$6:$C$1000,$AD$2,'Production Data'!$D$6:$D$1000,$A22) -> 30 | M22: =SUMIFS('Production Data'!$L$6:$L$1000,'Production Data'!$A$6:$A$1000,$U$2,'Production Data'!$B$6:$B$1000,$Y$2,'Production Data'!$C$6:$C$1000,$AD$2,'Production Data'!$D$6:$D$1000,$A22) -> 3 | P22: =SUMIFS('Production Data'!$M$6:$M$1000,'Production Data'!$A$6:$A$1000,$U$2,'Production Data'!$B$6:$B$1000,$Y$2,'Production Data'!$C$6:$C$1000,$AD$2,'Production Data'!$D$6:$D$1000,$A22) -> 27 | S22: =IFERROR(SUMIFS('Production Data'!$H$6:$H$1000,'Production Data'!$A$6:$A$1000,$U$2,'Production Data'!$B$6:$B$1000,$Y$2,'Production Data'!$C$6:$C$1000,$AD$2,'Production Data'!$D$6:$D$1000,$A22)/COUNTIFS('Production Data'!$A$6:$A$1000,$U$2,'Production Data'!$B$6:$B$1000,$Y$2,'Production Data'!$C$6:$C$1000,$AD$2,'Production Data'!$D$6:$D$1000,$A22),0) -> 2.3 | V22: =SUMIFS('Production Data'!$I$6:$I$1000,'Production Data'!$A$6:$A$1000,$U$2,'Production Data'!$B$6:$B$1000,$Y$2,'Production Data'!$C$6:$C$1000,$AD$2,'Production Data'!$D$6:$D$1000,$A22) -> 621 | Y22: =SUMIFS('Production Data'!$K$6:$K$1000,'Production Data'!$A$6:$A$1000,$U$2,'Production Data'!$B$6:$B$1000,$Y$2,'Production Data'!$C$6:$C$1000,$AD$2,'Production Data'!$D$6:$D$1000,$A22) -> 613 | AB22: =SUMIFS('Production Data'!$J$6:$J$1000,'Production Data'!$A$6:$A$1000,$U$2,'Production Data'!$B$6:$B$1000,$Y$2,'Production Data'!$C$6:$C$1000,$AD$2,'Production Data'!$D$6:$D$1000,$A22) -> 8 | AE22: =IFERROR((P22/J22)*(S22*V22/(P22*60))*(Y22/V22),0) -> 0.78327778
A23: 13:00 - 14:00 | D23: =SUMIFS('Production Data'!$E$6:$E$1000,'Production Data'!$A$6:$A$1000,$U$2,'Production Data'!$B$6:$B$1000,$Y$2,'Production Data'!$C$6:$C$1000,$AD$2,'Production Data'!$D$6:$D$1000,$A23) -> 60 | G23: =SUMIFS('Production Data'!$F$6:$F$1000,'Production Data'!$A$6:$A$1000,$U$2,'Production Data'!$B$6:$B$1000,$Y$2,'Production Data'!$C$6:$C$1000,$AD$2,'Production Data'!$D$6:$D$1000,$A23) -> 0 | J23: =SUMIFS('Production Data'!$G$6:$G$1000,'Production Data'!$A$6:$A$1000,$U$2,'Production Data'!$B$6:$B$1000,$Y$2,'Production Data'!$C$6:$C$1000,$AD$2,'Production Data'!$D$6:$D$1000,$A23) -> 60 | M23: =SUMIFS('Production Data'!$L$6:$L$1000,'Production Data'!$A$6:$A$1000,$U$2,'Production Data'!$B$6:$B$1000,$Y$2,'Production Data'!$C$6:$C$1000,$AD$2,'Production Data'!$D$6:$D$1000,$A23) -> 8 | P23: =SUMIFS('Production Data'!$M$6:$M$1000,'Production Data'!$A$6:$A$1000,$U$2,'Production Data'!$B$6:$B$1000,$Y$2,'Production Data'!$C$6:$C$1000,$AD$2,'Production Data'!$D$6:$D$1000,$A23) -> 52 | S23: =IFERROR(SUMIFS('Production Data'!$H$6:$H$1000,'Production Data'!$A$6:$A$1000,$U$2,'Production Data'!$B$6:$B$1000,$Y$2,'Production Data'!$C$6:$C$1000,$AD$2,'Production Data'!$D$6:$D$1000,$A23)/COUNTIFS('Production Data'!$A$6:$A$1000,$U$2,'Production Data'!$B$6:$B$1000,$Y$2,'Production Data'!$C$6:$C$1000,$AD$2,'Production Data'!$D$6:$D$1000,$A23),0) -> 2.3 | V23: =SUMIFS('Production Data'!$I$6:$I$1000,'Production Data'!$A$6:$A$1000,$U$2,'Production Data'!$B$6:$B$1000,$Y$2,'Production Data'!$C$6:$C$1000,$AD$2,'Production Data'!$D$6:$D$1000,$A23) -> 1226 | Y23: =SUMIFS('Production Data'!$K$6:$K$1000,'Production Data'!$A$6:$A$1000,$U$2,'Production Data'!$B$6:$B$1000,$Y$2,'Production Data'!$C$6:$C$1000,$AD$2,'Production Data'!$D$6:$D$1000,$A23) -> 1224 | AB23: =SUMIFS('Production Data'!$J$6:$J$1000,'Production Data'!$A$6:$A$1000,$U$2,'Production Data'!$B$6:$B$1000,$Y$2,'Production Data'!$C$6:$C$1000,$AD$2,'Production Data'!$D$6:$D$1000,$A23) -> 2 | AE23: =IFERROR((P23/J23)*(S23*V23/(P23*60))*(Y23/V23),0) -> 0.782
A24: TỔNG | D24: =SUM(D16:D23) -> 480 | G24: =SUM(G16:G23) -> 30 | J24: =SUM(J16:J23) -> 450 | M24: =SUM(M16:M23) -> 47 | P24: =SUM(P16:P23) -> 403 | S24: — | V24: =SUM(V16:V23) -> 9309 | Y24: =SUM(Y16:Y23) -> 9269 | AB24: =SUM(AB16:AB23) -> 40 | AE24: =Y7 -> 0.78958148
A26: PHÂN TÍCH TỔN THẤT / DỪNG MÁY | Q26: XU HƯỚNG OEE THEO NGÀY
A27: STT | C27: Nhóm tổn thất | K27: Phút | N27: % dừng
A28: 1 | C28: Hỏng hóc thiết bị | K28: =SUMIFS('Downtime Log'!$G$6:$G$1000,'Downtime Log'!$A$6:$A$1000,$U$2,'Downtime Log'!$B$6:$B$1000,$Y$2,'Downtime Log'!$C$6:$C$1000,$AD$2,'Downtime Log'!$E$6:$E$1000,"BRK") -> 13 | N28: =IFERROR(K28/$M$24,0) -> 0.27659574
A29: 2 | C29: Thiết lập / đổi mã | K29: =SUMIFS('Downtime Log'!$G$6:$G$1000,'Downtime Log'!$A$6:$A$1000,$U$2,'Downtime Log'!$B$6:$B$1000,$Y$2,'Downtime Log'!$C$6:$C$1000,$AD$2,'Downtime Log'!$E$6:$E$1000,"SET") -> 9 | N29: =IFERROR(K29/$M$24,0) -> 0.19148936
A30: 3 | C30: Chờ nguyên vật liệu | K30: =SUMIFS('Downtime Log'!$G$6:$G$1000,'Downtime Log'!$A$6:$A$1000,$U$2,'Downtime Log'!$B$6:$B$1000,$Y$2,'Downtime Log'!$C$6:$C$1000,$AD$2,'Downtime Log'!$E$6:$E$1000,"WAIT") -> 10 | N30: =IFERROR(K30/$M$24,0) -> 0.21276596
A31: 4 | C31: Dừng nhỏ | K31: =SUMIFS('Downtime Log'!$G$6:$G$1000,'Downtime Log'!$A$6:$A$1000,$U$2,'Downtime Log'!$B$6:$B$1000,$Y$2,'Downtime Log'!$C$6:$C$1000,$AD$2,'Downtime Log'!$E$6:$E$1000,"MIN") -> 12 | N31: =IFERROR(K31/$M$24,0) -> 0.25531915
A32: 5 | C32: Khởi động | K32: =SUMIFS('Downtime Log'!$G$6:$G$1000,'Downtime Log'!$A$6:$A$1000,$U$2,'Downtime Log'!$B$6:$B$1000,$Y$2,'Downtime Log'!$C$6:$C$1000,$AD$2,'Downtime Log'!$E$6:$E$1000,"START") -> 3 | N32: =IFERROR(K32/$M$24,0) -> 0.063829787
A33: TỔNG THỜI GIAN DỪNG | K33: =SUM(K28:K32) -> 47 | N33: =IFERROR(K33/M24,0) -> 1
A35: GHI NHỚ OEE: Nghỉ kế hoạch không tính vào PPT. Dừng máy không kế hoạch làm giảm Availability. Giảm tốc độ làm giảm Performance. Hàng NG làm giảm Quality. Không cộng trùng các tổn thất.
A39: =IF(Y7<AA4,"CẦN CẢI TIẾN • OEE dưới mục tiêu","ĐẠT MỤC TIÊU • Duy trì & chuẩn hóa") -> CẦN CẢI TIẾN • OEE dưới mục tiêu
A42: KẾ HOẠCH CẢI TIẾN / ACTION PLAN
A43: STT | C43: Vấn đề / tổn thất | K43: Hành động cải tiến | S43: Phụ trách | W43: Hạn | AB43: Trạng thái
A44: 1
A45: 2
A46: 3
A47: 4
A48: 5
A50: LƯU Ý: Đây là dữ liệu MẪU để minh họa cách vận hành Excel, không phải kết quả thực tế của nhà máy hay thành tích INVAMAX. Thay dữ liệu tại Production Data, Downtime Log và Quality Data để các chỉ tiêu tự cập nhật.
A53: INVAMAX • FACTORY OPERATING MODEL TRANSFORMATION | TÀI LIỆU VẬN HÀNH NỘI BỘ / BIỂU MẪU THAM KHẢO

Sheet Production Data
A1: PRODUCTION DATA • DỮ LIỆU SẢN XUẤT
A3: Ô xanh lam: nhập liệu; ô xanh lục rất nhạt: công thức. Không sửa các cột tính toán. Ví dụ 7 ngày, Ca 1, MAY-01.
A5: Ngày | B5: Ca | C5: Máy | D5: Khung giờ | E5: Phút ca | F5: Nghỉ kế hoạch | G5: Planned Production (phút) | H5: Ideal Cycle (giây/SP) | I5: Tổng SP | J5: NG từ Quality Data | K5: SP đạt | L5: Dừng ngoài KH (phút) | M5: Run time (phút) | N5: Availability | O5: Performance | P5: Quality | Q5: OEE | R5: Ideal time (giây) | S5: Ghi chú
A6: 46296 | B6: Ca 1 | C6: MAY-01 | D6: 06:00 - 07:00 | E6: 60 | F6: 0 | G6: =MAX(0,E6-F6) -> 60 | H6: 2.3 | I6: 1197 | J6: =SUMIFS('Quality Data'!$F$6:$F$1000,'Quality Data'!$A$6:$A$1000,A6,'Quality Data'!$B$6:$B$1000,B6,'Quality Data'!$C$6:$C$1000,C6,'Quality Data'!$D$6:$D$1000,D6) -> 2 | K6: =MAX(0,I6-J6) -> 1195 | L6: =SUMIFS('Downtime Log'!$G$6:$G$1000,'Downtime Log'!$A$6:$A$1000,A6,'Downtime Log'!$B$6:$B$1000,B6,'Downtime Log'!$C$6:$C$1000,C6,'Downtime Log'!$D$6:$D$1000,D6) -> 4 | M6: =MAX(0,G6-L6) -> 56 | N6: =IFERROR(M6/G6,0) -> 0.93333333 | O6: =IFERROR(H6*I6/(M6*60),0) -> 0.819375 | P6: =IFERROR(K6/I6,0) -> 0.99832916 | Q6: =N6*O6*P6 -> 0.76347222 | R6: =H6*I6 -> 2753.1 | S6: DỮ LIỆU VÍ DỤ
A7: 46296 | B7: Ca 1 | C7: MAY-01 | D7: 07:00 - 08:00 | E7: 60 | F7: 0 | G7: =MAX(0,E7-F7) -> 60 | H7: 2.3 | I7: 1118 | J7: =SUMIFS('Quality Data'!$F$6:$F$1000,'Quality Data'!$A$6:$A$1000,A7,'Quality Data'!$B$6:$B$1000,B7,'Quality Data'!$C$6:$C$1000,C7,'Quality Data'!$D$6:$D$1000,D7) -> 4 | K7: =MAX(0,I7-J7) -> 1114 | L7: =SUMIFS('Downtime Log'!$G$6:$G$1000,'Downtime Log'!$A$6:$A$1000,A7,'Downtime Log'!$B$6:$B$1000,B7,'Downtime Log'!$C$6:$C$1000,C7,'Downtime Log'!$D$6:$D$1000,D7) -> 9 | M7: =MAX(0,G7-L7) -> 51 | N7: =IFERROR(M7/G7,0) -> 0.85 | O7: =IFERROR(H7*I7/(M7*60),0) -> 0.8403268 | P7: =IFERROR(K7/I7,0) -> 0.99642218 | Q7: =N7*O7*P7 -> 0.71172222 | R7: =H7*I7 -> 2571.4 | S7: DỮ LIỆU VÍ DỤ
A8: 46296 | B8: Ca 1 | C8: MAY-01 | D8: 08:00 - 09:00 | E8: 60 | F8: 0 | G8: =MAX(0,E8-F8) -> 60 | H8: 2.3 | I8: 1236 | J8: =SUMIFS('Quality Data'!$F$6:$F$1000,'Quality Data'!$A$6:$A$1000,A8,'Quality Data'!$B$6:$B$1000,B8,'Quality Data'!$C$6:$C$1000,C8,'Quality Data'!$D$6:$D$1000,D8) -> 6 | K8: =MAX(0,I8-J8) -> 1230 | L8: =SUMIFS('Downtime Log'!$G$6:$G$1000,'Downtime Log'!$A$6:$A$1000,A8,'Downtime Log'!$B$6:$B$1000,B8,'Downtime Log'!$C$6:$C$1000,C8,'Downtime Log'!$D$6:$D$1000,D8) -> 5 | M8: =MAX(0,G8-L8) -> 55 | N8: =IFERROR(M8/G8,0) -> 0.91666667 | O8: =IFERROR(H8*I8/(M8*60),0) -> 0.86145455 | P8: =IFERROR(K8/I8,0) -> 0.99514563 | Q8: =N8*O8*P8 -> 0.78583333 | R8: =H8*I8 -> 2842.8 | S8: DỮ LIỆU VÍ DỤ
A9: 46296 | B9: Ca 1 | C9: MAY-01 | D9: 09:00 - 10:00 | E9: 60 | F9: 0 | G9: =MAX(0,E9-F9) -> 60 | H9: 2.3 | I9: 1174 | J9: =SUMIFS('Quality Data'!$F$6:$F$1000,'Quality Data'!$A$6:$A$1000,A9,'Quality Data'!$B$6:$B$1000,B9,'Quality Data'!$C$6:$C$1000,C9,'Quality Data'!$D$6:$D$1000,D9) -> 8 | K9: =MAX(0,I9-J9) -> 1166 | L9: =SUMIFS('Downtime Log'!$G$6:$G$1000,'Downtime Log'!$A$6:$A$1000,A9,'Downtime Log'!$B$6:$B$1000,B9,'Downtime Log'!$C$6:$C$1000,C9,'Downtime Log'!$D$6:$D$1000,D9) -> 9 | M9: =MAX(0,G9-L9) -> 51 | N9: =IFERROR(M9/G9,0) -> 0.85 | O9: =IFERROR(H9*I9/(M9*60),0) -> 0.8824183 | P9: =IFERROR(K9/I9,0) -> 0.99318569 | Q9: =N9*O9*P9 -> 0.74494444 | R9: =H9*I9 -> 2700.2 | S9: DỮ LIỆU VÍ DỤ
A10: 46296 | B10: Ca 1 | C10: MAY-01 | D10: 10:00 - 11:00 | E10: 60 | F10: 0 | G10: =MAX(0,E10-F10) -> 60 | H10: 2.3 | I10: 1273 | J10: =SUMIFS('Quality Data'!$F$6:$F$1000,'Quality Data'!$A$6:$A$1000,A10,'Quality Data'!$B$6:$B$1000,B10,'Quality Data'!$C$6:$C$1000,C10,'Quality Data'!$D$6:$D$1000,D10) -> 2 | K10: =MAX(0,I10-J10) -> 1271 | L10: =SUMIFS('Downtime Log'!$G$6:$G$1000,'Downtime Log'!$A$6:$A$1000,A10,'Downtime Log'!$B$6:$B$1000,B10,'Downtime Log'!$C$6:$C$1000,C10,'Downtime Log'!$D$6:$D$1000,D10) -> 6 | M10: =MAX(0,G10-L10) -> 54 | N10: =IFERROR(M10/G10,0) -> 0.9 | O10: =IFERROR(H10*I10/(M10*60),0) -> 0.90367284 | P10: =IFERROR(K10/I10,0) -> 0.99842891 | Q10: =N10*O10*P10 -> 0.81202778 | R10: =H10*I10 -> 2927.9 | S10: DỮ LIỆU VÍ DỤ
A11: 46296 | B11: Ca 1 | C11: MAY-01 | D11: 11:00 - 12:00 | E11: 60 | F11: 0 | G11: =MAX(0,E11-F11) -> 60 | H11: 2.3 | I11: 1375 | J11: =SUMIFS('Quality Data'!$F$6:$F$1000,'Quality Data'!$A$6:$A$1000,A11,'Quality Data'!$B$6:$B$1000,B11,'Quality Data'!$C$6:$C$1000,C11,'Quality Data'!$D$6:$D$1000,D11) -> 4 | K11: =MAX(0,I11-J11) -> 1371 | L11: =SUMIFS('Downtime Log'!$G$6:$G$1000,'Downtime Log'!$A$6:$A$1000,A11,'Downtime Log'!$B$6:$B$1000,B11,'Downtime Log'!$C$6:$C$1000,C11,'Downtime Log'!$D$6:$D$1000,D11) -> 3 | M11: =MAX(0,G11-L11) -> 57 | N11: =IFERROR(M11/G11,0) -> 0.95 | O11: =IFERROR(H11*I11/(M11*60),0) -> 0.9247076 | P11: =IFERROR(K11/I11,0) -> 0.99709091 | Q11: =N11*O11*P11 -> 0.87591667 | R11: =H11*I11 -> 3162.5 | S11: DỮ LIỆU VÍ DỤ
A12: 46296 | B12: Ca 1 | C12: MAY-01 | D12: 12:00 - 13:00 | E12: 60 | F12: 30 | G12: =MAX(0,E12-F12) -> 30 | H12: 2.3 | I12: 666 | J12: =SUMIFS('Quality Data'!$F$6:$F$1000,'Quality Data'!$A$6:$A$1000,A12,'Quality Data'!$B$6:$B$1000,B12,'Quality Data'!$C$6:$C$1000,C12,'Quality Data'!$D$6:$D$1000,D12) -> 6 | K12: =MAX(0,I12-J12) -> 660 | L12: =SUMIFS('Downtime Log'!$G$6:$G$1000,'Downtime Log'!$A$6:$A$1000,A12,'Downtime Log'!$B$6:$B$1000,B12,'Downtime Log'!$C$6:$C$1000,C12,'Downtime Log'!$D$6:$D$1000,D12) -> 3 | M12: =MAX(0,G12-L12) -> 27 | N12: =IFERROR(M12/G12,0) -> 0.9 | O12: =IFERROR(H12*I12/(M12*60),0) -> 0.94555556 | P12: =IFERROR(K12/I12,0) -> 0.99099099 | Q12: =N12*O12*P12 -> 0.84333333 | R12: =H12*I12 -> 1531.8 | S12: DỮ LIỆU VÍ DỤ
A13: 46296 | B13: Ca 1 | C13: MAY-01 | D13: 13:00 - 14:00 | E13: 60 | F13: 0 | G13: =MAX(0,E13-F13) -> 60 | H13: 2.3 | I13: 1112 | J13: =SUMIFS('Quality Data'!$F$6:$F$1000,'Quality Data'!$A$6:$A$1000,A13,'Quality Data'!$B$6:$B$1000,B13,'Quality Data'!$C$6:$C$1000,C13,'Quality Data'!$D$6:$D$1000,D13) -> 8 | K13: =MAX(0,I13-J13) -> 1104 | L13: =SUMIFS('Downtime Log'!$G$6:$G$1000,'Downtime Log'!$A$6:$A$1000,A13,'Downtime Log'!$B$6:$B$1000,B13,'Downtime Log'!$C$6:$C$1000,C13,'Downtime Log'!$D$6:$D$1000,D13) -> 8 | M13: =MAX(0,G13-L13) -> 52 | N13: =IFERROR(M13/G13,0) -> 0.86666667 | O13: =IFERROR(H13*I13/(M13*60),0) -> 0.81974359 | P13: =IFERROR(K13/I13,0) -> 0.99280576 | Q13: =N13*O13*P13 -> 0.70533333 | R13: =H13*I13 -> 2557.6 | S13: DỮ LIỆU VÍ DỤ
A14: 46297 | B14: Ca 1 | C14: MAY-01 | D14: 06:00 - 07:00 | E14: 60 | F14: 0 | G14: =MAX(0,E14-F14) -> 60 | H14: 2.3 | I14: 1266 | J14: =SUMIFS('Quality Data'!$F$6:$F$1000,'Quality Data'!$A$6:$A$1000,A14,'Quality Data'!$B$6:$B$1000,B14,'Quality Data'!$C$6:$C$1000,C14,'Quality Data'!$D$6:$D$1000,D14) -> 5 | K14: =MAX(0,I14-J14) -> 1261 | L14: =SUMIFS('Downtime Log'!$G$6:$G$1000,'Downtime Log'!$A$6:$A$1000,A14,'Downtime Log'!$B$6:$B$1000,B14,'Downtime Log'!$C$6:$C$1000,C14,'Downtime Log'!$D$6:$D$1000,D14) -> 5 | M14: =MAX(0,G14-L14) -> 55 | N14: =IFERROR(M14/G14,0) -> 0.91666667 | O14: =IFERROR(H14*I14/(M14*60),0) -> 0.88236364 | P14: =IFERROR(K14/I14,0) -> 0.99605055 | Q14: =N14*O14*P14 -> 0.80563889 | R14: =H14*I14 -> 2911.8 | S14: DỮ LIỆU VÍ DỤ
A15: 46297 | B15: Ca 1 | C15: MAY-01 | D15: 07:00 - 08:00 | E15: 60 | F15: 0 | G15: =MAX(0,E15-F15) -> 60 | H15: 2.3 | I15: 1179 | J15: =SUMIFS('Quality Data'!$F$6:$F$1000,'Quality Data'!$A$6:$A$1000,A15,'Quality Data'!$B$6:$B$1000,B15,'Quality Data'!$C$6:$C$1000,C15,'Quality Data'!$D$6:$D$1000,D15) -> 7 | K15: =MAX(0,I15-J15) -> 1172 | L15: =SUMIFS('Downtime Log'!$G$6:$G$1000,'Downtime Log'!$A$6:$A$1000,A15,'Downtime Log'!$B$6:$B$1000,B15,'Downtime Log'!$C$6:$C$1000,C15,'Downtime Log'!$D$6:$D$1000,D15) -> 10 | M15: =MAX(0,G15-L15) -> 50 | N15: =IFERROR(M15/G15,0) -> 0.83333333 | O15: =IFERROR(H15*I15/(M15*60),0) -> 0.9039 | P15: =IFERROR(K15/I15,0) -> 0.99406277 | Q15: =N15*O15*P15 -> 0.74877778 | R15: =H15*I15 -> 2711.7 | S15: DỮ LIỆU VÍ DỤ
A16: 46297 | B16: Ca 1 | C16: MAY-01 | D16: 08:00 - 09:00 | E16: 60 | F16: 0 | G16: =MAX(0,E16-F16) -> 60 | H16: 2.3 | I16: 1375 | J16: =SUMIFS('Quality Data'!$F$6:$F$1000,'Quality Data'!$A$6:$A$1000,A16,'Quality Data'!$B$6:$B$1000,B16,'Quality Data'!$C$6:$C$1000,C16,'Quality Data'!$D$6:$D$1000,D16) -> 9 | K16: =MAX(0,I16-J16) -> 1366 | L16: =SUMIFS('Downtime Log'!$G$6:$G$1000,'Downtime Log'!$A$6:$A$1000,A16,'Downtime Log'!$B$6:$B$1000,B16,'Downtime Log'!$C$6:$C$1000,C16,'Downtime Log'!$D$6:$D$1000,D16) -> 3 | M16: =MAX(0,G16-L16) -> 57 | N16: =IFERROR(M16/G16,0) -> 0.95 | O16: =IFERROR(H16*I16/(M16*60),0) -> 0.9247076 | P16: =IFERROR(K16/I16,0) -> 0.99345455 | Q16: =N16*O16*P16 -> 0.87272222 | R16: =H16*I16 -> 3162.5 | S16: DỮ LIỆU VÍ DỤ
A17: 46297 | B17: Ca 1 | C17: MAY-01 | D17: 09:00 - 10:00 | E17: 60 | F17: 0 | G17: =MAX(0,E17-F17) -> 60 | H17: 2.3 | I17: 1233 | J17: =SUMIFS('Quality Data'!$F$6:$F$1000,'Quality Data'!$A$6:$A$1000,A17,'Quality Data'!$B$6:$B$1000,B17,'Quality Data'!$C$6:$C$1000,C17,'Quality Data'!$D$6:$D$1000,D17) -> 3 | K17: =MAX(0,I17-J17) -> 1230 | L17: =SUMIFS('Downtime Log'!$G$6:$G$1000,'Downtime Log'!$A$6:$A$1000,A17,'Downtime Log'!$B$6:$B$1000,B17,'Downtime Log'!$C$6:$C$1000,C17,'Downtime Log'!$D$6:$D$1000,D17) -> 10 | M17: =MAX(0,G17-L17) -> 50 | N17: =IFERROR(M17/G17,0) -> 0.83333333 | O17: =IFERROR(H17*I17/(M17*60),0) -> 0.9453 | P17: =IFERROR(K17/I17,0) -> 0.99756691 | Q17: =N17*O17*P17 -> 0.78583333 | R17: =H17*I17 -> 2835.9 | S17: DỮ LIỆU VÍ DỤ
... A61: 46302 | B61: Ca 1 | C61: MAY-01 | D61: 13:00 - 14:00 | E61: 60 | F61: 0 | G61: =MAX(0,E61-F61) -> 60 | H61: 2.3 | I61: 1226 | J61: =SUMIFS('Quality Data'!$F$6:$F$1000,'Quality Data'!$A$6:$A$1000,A61,'Quality Data'!$B$6:$B$1000,B61,'Quality Data'!$C$6:$C$1000,C61,'Quality Data'!$D$6:$D$1000,D61) -> 2 | K61: =MAX(0,I61-J61) -> 1224 | L61: =SUMIFS('Downtime Log'!$G$6:$G$1000,'Downtime Log'!$A$6:$A$1000,A61,'Downtime Log'!$B$6:$B$1000,B61,'Downtime Log'!$C$6:$C$1000,C61,'Downtime Log'!$D$6:$D$1000,D61) -> 8 | M61: =MAX(0,G61-L61) -> 52 | N61: =IFERROR(M61/G61,0) -> 0.86666667 | O61: =IFERROR(H61*I61/(M61*60),0) -> 0.90378205 | P61: =IFERROR(K61/I61,0) -> 0.99836868 | Q61: =N61*O61*P61 -> 0.782 | R61: =H61*I61 -> 2819.8 | S61: DỮ LIỆU VÍ DỤ

Sheet Downtime Log
A1: DOWNTIME LOG • NHẬT KÝ DỪNG MÁY
A3: Chỉ nhập dừng máy không kế hoạch. Không ghi trùng và không nhập nghỉ giải lao vào nhật ký này.
A5: Ngày | B5: Ca | C5: Máy | D5: Khung giờ | E5: Mã tổn thất | F5: Nhóm / hiện tượng | G5: Phút dừng | H5: Nguyên nhân & đối sách | I5: Phụ trách | J5: Ghi chú
A6: 46296 | B6: Ca 1 | C6: MAY-01 | D6: 06:00 - 07:00 | E6: BRK | F6: Kẹt cơ cấu cấp phôi | G6: 4 | H6: Khắc phục, tiếp tục chạy | I6: Tổ vận hành | J6: DỮ LIỆU VÍ DỤ
A7: 46296 | B7: Ca 1 | C7: MAY-01 | D7: 07:00 - 08:00 | E7: SET | F7: Thay đổi mã hàng / chỉnh máy | G7: 9 | H7: Khắc phục, tiếp tục chạy | I7: Tổ vận hành | J7: DỮ LIỆU VÍ DỤ
A8: 46296 | B8: Ca 1 | C8: MAY-01 | D8: 08:00 - 09:00 | E8: WAIT | F8: Chờ vật tư đầu vào | G8: 5 | H8: Khắc phục, tiếp tục chạy | I8: Tổ vận hành | J8: DỮ LIỆU VÍ DỤ
A9: 46296 | B9: Ca 1 | C9: MAY-01 | D9: 09:00 - 10:00 | E9: MIN | F9: Dừng ngắn để căn chỉnh | G9: 9 | H9: Khắc phục, tiếp tục chạy | I9: Tổ vận hành | J9: DỮ LIỆU VÍ DỤ
A10: 46296 | B10: Ca 1 | C10: MAY-01 | D10: 10:00 - 11:00 | E10: START | F10: Mất thời gian khởi động | G10: 6 | H10: Khắc phục, tiếp tục chạy | I10: Tổ vận hành | J10: DỮ LIỆU VÍ DỤ
A11: 46296 | B11: Ca 1 | C11: MAY-01 | D11: 11:00 - 12:00 | E11: BRK | F11: Kẹt cơ cấu cấp phôi | G11: 3 | H11: Khắc phục, tiếp tục chạy | I11: Tổ vận hành | J11: DỮ LIỆU VÍ DỤ
A12: 46296 | B12: Ca 1 | C12: MAY-01 | D12: 12:00 - 13:00 | E12: WAIT | F12: Chờ vật tư đầu vào | G12: 3 | H12: Khắc phục, tiếp tục chạy | I12: Tổ vận hành | J12: DỮ LIỆU VÍ DỤ
A13: 46296 | B13: Ca 1 | C13: MAY-01 | D13: 13:00 - 14:00 | E13: MIN | F13: Dừng ngắn để căn chỉnh | G13: 8 | H13: Khắc phục, tiếp tục chạy | I13: Tổ vận hành | J13: DỮ LIỆU VÍ DỤ
A14: 46297 | B14: Ca 1 | C14: MAY-01 | D14: 06:00 - 07:00 | E14: SET | F14: Thay đổi mã hàng / chỉnh máy | G14: 5 | H14: Khắc phục, tiếp tục chạy | I14: Tổ vận hành | J14: DỮ LIỆU VÍ DỤ
A15: 46297 | B15: Ca 1 | C15: MAY-01 | D15: 07:00 - 08:00 | E15: WAIT | F15: Chờ vật tư đầu vào | G15: 10 | H15: Khắc phục, tiếp tục chạy | I15: Tổ vận hành | J15: DỮ LIỆU VÍ DỤ
A16: 46297 | B16: Ca 1 | C16: MAY-01 | D16: 08:00 - 09:00 | E16: MIN | F16: Dừng ngắn để căn chỉnh | G16: 3 | H16: Khắc phục, tiếp tục chạy | I16: Tổ vận hành | J16: DỮ LIỆU VÍ DỤ
A17: 46297 | B17: Ca 1 | C17: MAY-01 | D17: 09:00 - 10:00 | E17: START | F17: Mất thời gian khởi động | G17: 10 | H17: Khắc phục, tiếp tục chạy | I17: Tổ vận hành | J17: DỮ LIỆU VÍ DỤ
... A61: 46302 | B61: Ca 1 | C61: MAY-01 | D61: 13:00 - 14:00 | E61: BRK | F61: Kẹt cơ cấu cấp phôi | G61: 8 | H61: Khắc phục, tiếp tục chạy | I61: Tổ vận hành | J61: DỮ LIỆU VÍ DỤ

Sheet Quality Data
A1: QUALITY DATA • DỮ LIỆU CHẤT LƯỢNG
A3: Nhập lỗi theo ngày – ca – máy – khung giờ. Một khung giờ có thể có nhiều dòng lỗi; tổng NG được liên kết tự động.
A5: Ngày | B5: Ca | C5: Máy | D5: Khung giờ | E5: Mã lỗi | F5: Số lượng NG | G5: Diễn giải lỗi | H5: Ghi chú
A6: 46296 | B6: Ca 1 | C6: MAY-01 | D6: 06:00 - 07:00 | E6: NG-KT | F6: 2 | G6: Lỗi ngoại quan / kích thước | H6: DỮ LIỆU VÍ DỤ
A7: 46296 | B7: Ca 1 | C7: MAY-01 | D7: 07:00 - 08:00 | E7: NG-KT | F7: 4 | G7: Lỗi ngoại quan / kích thước | H7: DỮ LIỆU VÍ DỤ
A8: 46296 | B8: Ca 1 | C8: MAY-01 | D8: 08:00 - 09:00 | E8: NG-KT | F8: 6 | G8: Lỗi ngoại quan / kích thước | H8: DỮ LIỆU VÍ DỤ
A9: 46296 | B9: Ca 1 | C9: MAY-01 | D9: 09:00 - 10:00 | E9: NG-KT | F9: 8 | G9: Lỗi ngoại quan / kích thước | H9: DỮ LIỆU VÍ DỤ
A10: 46296 | B10: Ca 1 | C10: MAY-01 | D10: 10:00 - 11:00 | E10: NG-KT | F10: 2 | G10: Lỗi ngoại quan / kích thước | H10: DỮ LIỆU VÍ DỤ
A11: 46296 | B11: Ca 1 | C11: MAY-01 | D11: 11:00 - 12:00 | E11: NG-KT | F11: 4 | G11: Lỗi ngoại quan / kích thước | H11: DỮ LIỆU VÍ DỤ
A12: 46296 | B12: Ca 1 | C12: MAY-01 | D12: 12:00 - 13:00 | E12: NG-KT | F12: 6 | G12: Lỗi ngoại quan / kích thước | H12: DỮ LIỆU VÍ DỤ
A13: 46296 | B13: Ca 1 | C13: MAY-01 | D13: 13:00 - 14:00 | E13: NG-KT | F13: 8 | G13: Lỗi ngoại quan / kích thước | H13: DỮ LIỆU VÍ DỤ
A14: 46297 | B14: Ca 1 | C14: MAY-01 | D14: 06:00 - 07:00 | E14: NG-KT | F14: 5 | G14: Lỗi ngoại quan / kích thước | H14: DỮ LIỆU VÍ DỤ
A15: 46297 | B15: Ca 1 | C15: MAY-01 | D15: 07:00 - 08:00 | E15: NG-KT | F15: 7 | G15: Lỗi ngoại quan / kích thước | H15: DỮ LIỆU VÍ DỤ
A16: 46297 | B16: Ca 1 | C16: MAY-01 | D16: 08:00 - 09:00 | E16: NG-KT | F16: 9 | G16: Lỗi ngoại quan / kích thước | H16: DỮ LIỆU VÍ DỤ
A17: 46297 | B17: Ca 1 | C17: MAY-01 | D17: 09:00 - 10:00 | E17: NG-KT | F17: 3 | G17: Lỗi ngoại quan / kích thước | H17: DỮ LIỆU VÍ DỤ
... A61: 46302 | B61: Ca 1 | C61: MAY-01 | D61: 13:00 - 14:00 | E61: NG-KT | F61: 2 | G61: Lỗi ngoại quan / kích thước | H61: DỮ LIỆU VÍ DỤ

Sheet Machine Master
A1: DANH MỤC MÁY / THIẾT BỊ
A3: Chu kỳ lý tưởng: giây/sản phẩm. Hãy cập nhật theo máy, mã hàng và điều kiện sản xuất.
A5: Mã máy | B5: Tên máy / dây chuyền | C5: Sản phẩm | D5: Ideal Cycle (giây/sp) | E5: Ca mặc định | F5: Ghi chú
A6: MAY-01 | B6: Dây chuyền bút chì A | C6: SP-A | D6: 2.3 | E6: Ca 1 | F6: Ví dụ minh họa
A7: MAY-02 | B7: Dây chuyền bút chì B | C7: SP-B | D7: 2.5 | E7: Ca 1 | F7: Chưa có dữ liệu mẫu

Sheet Loss Codes
A1: DANH MỤC MÃ TỔN THẤT
A3: Quy ước mẫu: mọi phút trong Downtime Log là dừng máy không kế hoạch; nghỉ giải lao nhập trong Production Data.
A5: Mã | B5: Nhóm tổn thất | C5: Thành phần OEE | D5: Đơn vị đo | E5: Cách ghi nhận
A6: BRK | B6: Hỏng hóc thiết bị | C6: Availability | D6: Dừng ngoài kế hoạch | E6: Dừng máy do lỗi kỹ thuật
A7: SET | B7: Thiết lập / đổi mã | C7: Availability | D7: Dừng ngoài kế hoạch | E7: Setup/changeover trong kế hoạch sản xuất
A8: WAIT | B8: Chờ nguyên vật liệu | C8: Availability | D8: Dừng ngoài kế hoạch | E8: Thiếu đầu vào trong thời gian sản xuất
A9: MIN | B9: Dừng nhỏ | C9: Availability | D9: Dừng ngoài kế hoạch | E9: Mất khả năng chạy ngắn; định nghĩa theo nhà máy
A10: START | B10: Khởi động | C10: Availability | D10: Dừng ngoài kế hoạch | E10: Thời gian máy sẵn sàng nhưng chưa chạy
A11: SCRAP | B11: Sản phẩm lỗi | C11: Quality | D11: Số lượng NG | E11: Không trừ lại vào downtime
A12: SPEED | B12: Giảm tốc độ | C12: Performance | D12: Chênh lệch sản lượng chuẩn | E12: Tính từ cycle time và runtime

Sheet Summary
A1: OEE SUMMARY • TỔNG HỢP 7 NGÀY
A3: Liên kết bộ lọc ngày / ca / máy từ OEE Dashboard. Dữ liệu minh họa, không phải kết quả thực tế.
A6: Ngày | B6: PPT (phút) | C6: Dừng (phút) | D6: Run (phút) | E6: Ideal time (giây) | F6: Tổng SP | G6: SP đạt | H6: Availability | I6: Performance | J6: Quality | K6: OEE | L6: Mục tiêu | M6: Chênh lệch | N6: Đánh giá | P6: Ngày (nhãn) | Q6: OEE (%)
A7: ='OEE Dashboard'!$U$2-6 -> 46296 | B7: =SUMIFS('Production Data'!$G$6:$G$1000,'Production Data'!$A$6:$A$1000,$A7,'Production Data'!$B$6:$B$1000,'OEE Dashboard'!$Y$2,'Production Data'!$C$6:$C$1000,'OEE Dashboard'!$AD$2) -> 450 | C7: =SUMIFS('Production Data'!$L$6:$L$1000,'Production Data'!$A$6:$A$1000,$A7,'Production Data'!$B$6:$B$1000,'OEE Dashboard'!$Y$2,'Production Data'!$C$6:$C$1000,'OEE Dashboard'!$AD$2) -> 47 | D7: =SUMIFS('Production Data'!$M$6:$M$1000,'Production Data'!$A$6:$A$1000,$A7,'Production Data'!$B$6:$B$1000,'OEE Dashboard'!$Y$2,'Production Data'!$C$6:$C$1000,'OEE Dashboard'!$AD$2) -> 403 | E7: =SUMIFS('Production Data'!$R$6:$R$1000,'Production Data'!$A$6:$A$1000,$A7,'Production Data'!$B$6:$B$1000,'OEE Dashboard'!$Y$2,'Production Data'!$C$6:$C$1000,'OEE Dashboard'!$AD$2) -> 21047.3 | F7: =SUMIFS('Production Data'!$I$6:$I$1000,'Production Data'!$A$6:$A$1000,$A7,'Production Data'!$B$6:$B$1000,'OEE Dashboard'!$Y$2,'Production Data'!$C$6:$C$1000,'OEE Dashboard'!$AD$2) -> 9151 | G7: =SUMIFS('Production Data'!$K$6:$K$1000,'Production Data'!$A$6:$A$1000,$A7,'Production Data'!$B$6:$B$1000,'OEE Dashboard'!$Y$2,'Production Data'!$C$6:$C$1000,'OEE Dashboard'!$AD$2) -> 9111 | H7: =IFERROR(D7/B7,0) -> 0.89555556 | I7: =IFERROR(E7/(D7*60),0) -> 0.87044251 | J7: =IFERROR(G7/F7,0) -> 0.99562889 | K7: =H7*I7*J7 -> 0.77612222 | L7: ='OEE Dashboard'!$AA$4 -> 0.85 | M7: =K7-L7 -> -0.073877778 | N7: =IF(K7>=L7,"Đạt mục tiêu","Cần cải tiến") -> Cần cải tiến | P7: =TEXT(A7,"dd/mm") -> 01/10 | Q7: =K7*100 -> 77.612222
A8: ='OEE Dashboard'!$U$2-5 -> 46297 | B8: =SUMIFS('Production Data'!$G$6:$G$1000,'Production Data'!$A$6:$A$1000,$A8,'Production Data'!$B$6:$B$1000,'OEE Dashboard'!$Y$2,'Production Data'!$C$6:$C$1000,'OEE Dashboard'!$AD$2) -> 450 | C8: =SUMIFS('Production Data'!$L$6:$L$1000,'Production Data'!$A$6:$A$1000,$A8,'Production Data'!$B$6:$B$1000,'OEE Dashboard'!$Y$2,'Production Data'!$C$6:$C$1000,'OEE Dashboard'!$AD$2) -> 49 | D8: =SUMIFS('Production Data'!$M$6:$M$1000,'Production Data'!$A$6:$A$1000,$A8,'Production Data'!$B$6:$B$1000,'OEE Dashboard'!$Y$2,'Production Data'!$C$6:$C$1000,'OEE Dashboard'!$AD$2) -> 401 | E8: =SUMIFS('Production Data'!$R$6:$R$1000,'Production Data'!$A$6:$A$1000,$A8,'Production Data'!$B$6:$B$1000,'OEE Dashboard'!$Y$2,'Production Data'!$C$6:$C$1000,'OEE Dashboard'!$AD$2) -> 21247.4 | F8: =SUMIFS('Production Data'!$I$6:$I$1000,'Production Data'!$A$6:$A$1000,$A8,'Production Data'!$B$6:$B$1000,'OEE Dashboard'!$Y$2,'Production Data'!$C$6:$C$1000,'OEE Dashboard'!$AD$2) -> 9238 | G8: =SUMIFS('Production Data'!$K$6:$K$1000,'Production Data'!$A$6:$A$1000,$A8,'Production Data'!$B$6:$B$1000,'OEE Dashboard'!$Y$2,'Production Data'!$C$6:$C$1000,'OEE Dashboard'!$AD$2) -> 9190 | H8: =IFERROR(D8/B8,0) -> 0.89111111 | I8: =IFERROR(E8/(D8*60),0) -> 0.88310058 | J8: =IFERROR(G8/F8,0) -> 0.99480407 | K8: =H8*I8*J8 -> 0.78285185 | L8: ='OEE Dashboard'!$AA$4 -> 0.85 | M8: =K8-L8 -> -0.067148148 | N8: =IF(K8>=L8,"Đạt mục tiêu","Cần cải tiến") -> Cần cải tiến | P8: =TEXT(A8,"dd/mm") -> 02/10 | Q8: =K8*100 -> 78.285185
A9: ='OEE Dashboard'!$U$2-4 -> 46298 | B9: =SUMIFS('Production Data'!$G$6:$G$1000,'Production Data'!$A$6:$A$1000,$A9,'Production Data'!$B$6:$B$1000,'OEE Dashboard'!$Y$2,'Production Data'!$C$6:$C$1000,'OEE Dashboard'!$AD$2) -> 450 | C9: =SUMIFS('Production Data'!$L$6:$L$1000,'Production Data'!$A$6:$A$1000,$A9,'Production Data'!$B$6:$B$1000,'OEE Dashboard'!$Y$2,'Production Data'!$C$6:$C$1000,'OEE Dashboard'!$AD$2) -> 48 | D9: =SUMIFS('Production Data'!$M$6:$M$1000,'Production Data'!$A$6:$A$1000,$A9,'Production Data'!$B$6:$B$1000,'OEE Dashboard'!$Y$2,'Production Data'!$C$6:$C$1000,'OEE Dashboard'!$AD$2) -> 402 | E9: =SUMIFS('Production Data'!$R$6:$R$1000,'Production Data'!$A$6:$A$1000,$A9,'Production Data'!$B$6:$B$1000,'OEE Dashboard'!$Y$2,'Production Data'!$C$6:$C$1000,'OEE Dashboard'!$AD$2) -> 21426.8 | F9: =SUMIFS('Production Data'!$I$6:$I$1000,'Production Data'!$A$6:$A$1000,$A9,'Production Data'!$B$6:$B$1000,'OEE Dashboard'!$Y$2,'Production Data'!$C$6:$C$1000,'OEE Dashboard'!$AD$2) -> 9316 | G9: =SUMIFS('Production Data'!$K$6:$K$1000,'Production Data'!$A$6:$A$1000,$A9,'Production Data'!$B$6:$B$1000,'OEE Dashboard'!$Y$2,'Production Data'!$C$6:$C$1000,'OEE Dashboard'!$AD$2) -> 9276 | H9: =IFERROR(D9/B9,0) -> 0.89333333 | I9: =IFERROR(E9/(D9*60),0) -> 0.88834163 | J9: =IFERROR(G9/F9,0) -> 0.99570631 | K9: =H9*I9*J9 -> 0.79017778 | L9: ='OEE Dashboard'!$AA$4 -> 0.85 | M9: =K9-L9 -> -0.059822222 | N9: =IF(K9>=L9,"Đạt mục tiêu","Cần cải tiến") -> Cần cải tiến | P9: =TEXT(A9,"dd/mm") -> 03/10 | Q9: =K9*100 -> 79.017778
A10: ='OEE Dashboard'!$U$2-3 -> 46299 | B10: =SUMIFS('Production Data'!$G$6:$G$1000,'Production Data'!$A$6:$A$1000,$A10,'Production Data'!$B$6:$B$1000,'OEE Dashboard'!$Y$2,'Production Data'!$C$6:$C$1000,'OEE Dashboard'!$AD$2) -> 450 | C10: =SUMIFS('Production Data'!$L$6:$L$1000,'Production Data'!$A$6:$A$1000,$A10,'Production Data'!$B$6:$B$1000,'OEE Dashboard'!$Y$2,'Production Data'!$C$6:$C$1000,'OEE Dashboard'!$AD$2) -> 47 | D10: =SUMIFS('Production Data'!$M$6:$M$1000,'Production Data'!$A$6:$A$1000,$A10,'Production Data'!$B$6:$B$1000,'OEE Dashboard'!$Y$2,'Production Data'!$C$6:$C$1000,'OEE Dashboard'!$AD$2) -> 403 | E10: =SUMIFS('Production Data'!$R$6:$R$1000,'Production Data'!$A$6:$A$1000,$A10,'Production Data'!$B$6:$B$1000,'OEE Dashboard'!$Y$2,'Production Data'!$C$6:$C$1000,'OEE Dashboard'!$AD$2) -> 21325.6 | F10: =SUMIFS('Production Data'!$I$6:$I$1000,'Production Data'!$A$6:$A$1000,$A10,'Production Data'!$B$6:$B$1000,'OEE Dashboard'!$Y$2,'Production Data'!$C$6:$C$1000,'OEE Dashboard'!$AD$2) -> 9272 | G10: =SUMIFS('Production Data'!$K$6:$K$1000,'Production Data'!$A$6:$A$1000,$A10,'Production Data'!$B$6:$B$1000,'OEE Dashboard'!$Y$2,'Production Data'!$C$6:$C$1000,'OEE Dashboard'!$AD$2) -> 9224 | H10: =IFERROR(D10/B10,0) -> 0.89555556 | I10: =IFERROR(E10/(D10*60),0) -> 0.88195203 | J10: =IFERROR(G10/F10,0) -> 0.99482312 | K10: =H10*I10*J10 -> 0.78574815 | L10: ='OEE Dashboard'!$AA$4 -> 0.85 | M10: =K10-L10 -> -0.064251852 | N10: =IF(K10>=L10,"Đạt mục tiêu","Cần cải tiến") -> Cần cải tiến | P10: =TEXT(A10,"dd/mm") -> 04/10 | Q10: =K10*100 -> 78.574815
A11: ='OEE Dashboard'!$U$2-2 -> 46300 | B11: =SUMIFS('Production Data'!$G$6:$G$1000,'Production Data'!$A$6:$A$1000,$A11,'Production Data'!$B$6:$B$1000,'OEE Dashboard'!$Y$2,'Production Data'!$C$6:$C$1000,'OEE Dashboard'!$AD$2) -> 450 | C11: =SUMIFS('Production Data'!$L$6:$L$1000,'Production Data'!$A$6:$A$1000,$A11,'Production Data'!$B$6:$B$1000,'OEE Dashboard'!$Y$2,'Production Data'!$C$6:$C$1000,'OEE Dashboard'!$AD$2) -> 49 | D11: =SUMIFS('Production Data'!$M$6:$M$1000,'Production Data'!$A$6:$A$1000,$A11,'Production Data'!$B$6:$B$1000,'OEE Dashboard'!$Y$2,'Production Data'!$C$6:$C$1000,'OEE Dashboard'!$AD$2) -> 401 | E11: =SUMIFS('Production Data'!$R$6:$R$1000,'Production Data'!$A$6:$A$1000,$A11,'Production Data'!$B$6:$B$1000,'OEE Dashboard'!$Y$2,'Production Data'!$C$6:$C$1000,'OEE Dashboard'!$AD$2) -> 21316.4 | F11: =SUMIFS('Production Data'!$I$6:$I$1000,'Production Data'!$A$6:$A$1000,$A11,'Production Data'!$B$6:$B$1000,'OEE Dashboard'!$Y$2,'Production Data'!$C$6:$C$1000,'OEE Dashboard'!$AD$2) -> 9268 | G11: =SUMIFS('Production Data'!$K$6:$K$1000,'Production Data'!$A$6:$A$1000,$A11,'Production Data'!$B$6:$B$1000,'OEE Dashboard'!$Y$2,'Production Data'!$C$6:$C$1000,'OEE Dashboard'!$AD$2) -> 9228 | H11: =IFERROR(D11/B11,0) -> 0.89111111 | I11: =IFERROR(E11/(D11*60),0) -> 0.88596841 | J11: =IFERROR(G11/F11,0) -> 0.99568407 | K11: =H11*I11*J11 -> 0.78608889 | L11: ='OEE Dashboard'!$AA$4 -> 0.85 | M11: =K11-L11 -> -0.063911111 | N11: =IF(K11>=L11,"Đạt mục tiêu","Cần cải tiến") -> Cần cải tiến | P11: =TEXT(A11,"dd/mm") -> 05/10 | Q11: =K11*100 -> 78.608889
A12: ='OEE Dashboard'!$U$2-1 -> 46301 | B12: =SUMIFS('Production Data'!$G$6:$G$1000,'Production Data'!$A$6:$A$1000,$A12,'Production Data'!$B$6:$B$1000,'OEE Dashboard'!$Y$2,'Production Data'!$C$6:$C$1000,'OEE Dashboard'!$AD$2) -> 450 | C12: =SUMIFS('Production Data'!$L$6:$L$1000,'Production Data'!$A$6:$A$1000,$A12,'Production Data'!$B$6:$B$1000,'OEE Dashboard'!$Y$2,'Production Data'!$C$6:$C$1000,'OEE Dashboard'!$AD$2) -> 48 | D12: =SUMIFS('Production Data'!$M$6:$M$1000,'Production Data'!$A$6:$A$1000,$A12,'Production Data'!$B$6:$B$1000,'OEE Dashboard'!$Y$2,'Production Data'!$C$6:$C$1000,'OEE Dashboard'!$AD$2) -> 402 | E12: =SUMIFS('Production Data'!$R$6:$R$1000,'Production Data'!$A$6:$A$1000,$A12,'Production Data'!$B$6:$B$1000,'OEE Dashboard'!$Y$2,'Production Data'!$C$6:$C$1000,'OEE Dashboard'!$AD$2) -> 21277.3 | F12: =SUMIFS('Production Data'!$I$6:$I$1000,'Production Data'!$A$6:$A$1000,$A12,'Production Data'!$B$6:$B$1000,'OEE Dashboard'!$Y$2,'Production Data'!$C$6:$C$1000,'OEE Dashboard'!$AD$2) -> 9251 | G12: =SUMIFS('Production Data'!$K$6:$K$1000,'Production Data'!$A$6:$A$1000,$A12,'Production Data'!$B$6:$B$1000,'OEE Dashboard'!$Y$2,'Production Data'!$C$6:$C$1000,'OEE Dashboard'!$AD$2) -> 9203 | H12: =IFERROR(D12/B12,0) -> 0.89333333 | I12: =IFERROR(E12/(D12*60),0) -> 0.88214345 | J12: =IFERROR(G12/F12,0) -> 0.99481137 | K12: =H12*I12*J12 -> 0.78395926 | L12: ='OEE Dashboard'!$AA$4 -> 0.85 | M12: =K12-L12 -> -0.066040741 | N12: =IF(K12>=L12,"Đạt mục tiêu","Cần cải tiến") -> Cần cải tiến | P12: =TEXT(A12,"dd/mm") -> 06/10 | Q12: =K12*100 -> 78.395926
A13: ='OEE Dashboard'!$U$2-0 -> 46302 | B13: =SUMIFS('Production Data'!$G$6:$G$1000,'Production Data'!$A$6:$A$1000,$A13,'Production Data'!$B$6:$B$1000,'OEE Dashboard'!$Y$2,'Production Data'!$C$6:$C$1000,'OEE Dashboard'!$AD$2) -> 450 | C13: =SUMIFS('Production Data'!$L$6:$L$1000,'Production Data'!$A$6:$A$1000,$A13,'Production Data'!$B$6:$B$1000,'OEE Dashboard'!$Y$2,'Production Data'!$C$6:$C$1000,'OEE Dashboard'!$AD$2) -> 47 | D13: =SUMIFS('Production Data'!$M$6:$M$1000,'Production Data'!$A$6:$A$1000,$A13,'Production Data'!$B$6:$B$1000,'OEE Dashboard'!$Y$2,'Production Data'!$C$6:$C$1000,'OEE Dashboard'!$AD$2) -> 403 | E13: =SUMIFS('Production Data'!$R$6:$R$1000,'Production Data'!$A$6:$A$1000,$A13,'Production Data'!$B$6:$B$1000,'OEE Dashboard'!$Y$2,'Production Data'!$C$6:$C$1000,'OEE Dashboard'!$AD$2) -> 21410.7 | F13: =SUMIFS('Production Data'!$I$6:$I$1000,'Production Data'!$A$6:$A$1000,$A13,'Production Data'!$B$6:$B$1000,'OEE Dashboard'!$Y$2,'Production Data'!$C$6:$C$1000,'OEE Dashboard'!$AD$2) -> 9309 | G13: =SUMIFS('Production Data'!$K$6:$K$1000,'Production Data'!$A$6:$A$1000,$A13,'Production Data'!$B$6:$B$1000,'OEE Dashboard'!$Y$2,'Production Data'!$C$6:$C$1000,'OEE Dashboard'!$AD$2) -> 9269 | H13: =IFERROR(D13/B13,0) -> 0.89555556 | I13: =IFERROR(E13/(D13*60),0) -> 0.88547146 | J13: =IFERROR(G13/F13,0) -> 0.99570308 | K13: =H13*I13*J13 -> 0.78958148 | L13: ='OEE Dashboard'!$AA$4 -> 0.85 | M13: =K13-L13 -> -0.060418519 | N13: =IF(K13>=L13,"Đạt mục tiêu","Cần cải tiến") -> Cần cải tiến | P13: =TEXT(A13,"dd/mm") -> 07/10 | Q13: =K13*100 -> 78.958148
A16: DIỄN GIẢI CHỈ SỐ
A17: Availability = Run / PPT | E17: PPT = Tổng thời gian theo ca – Nghỉ theo kế hoạch. Run = PPT – Dừng ngoài kế hoạch.
A18: Performance = Ideal / Run | E18: Ideal (phút) = Chu kỳ lý tưởng (giây/SP) × Tổng SP / 60. Đừng dùng tốc độ thiết kế nếu mã hàng thay đổi.
A19: Quality = Good / Total | E19: Good = Tổng SP – số lượng lỗi. Quality Data tổng hợp lỗi theo ngày / ca / máy / khung giờ.
A20: OEE = Availability × Performance × Quality | E20: Các tỷ số là số thập phân và định dạng hiển thị %. So với mục tiêu trên Dashboard.
A21: Hạn chế sai lệch | E21: Nếu Performance >100%, kiểm tra lại chu kỳ lý tưởng, đếm sản lượng, và thời gian chạy.

Sheet Hướng dẫn
A1: HƯỚNG DẪN SỬ DỤNG INVAMAX OEE
A3: Phiên bản Excel sử dụng công thức. Dữ liệu mẫu để thử nghiệm — vui lòng thay bằng số liệu thực tế của nhà máy.
A5: 1 / QUY TRÌNH NHẬP DỮ LIỆU
A6: Bước 1 – Danh mục máy | D6: Cập nhật Machine Master với mã máy, sản phẩm và chu kỳ lý tưởng. Chọn mã máy trên Dashboard.
A7: Bước 2 – Sản xuất | D7: Nhập Production Data: ngày, ca, máy, khung giờ, phút ca, nghỉ theo kế hoạch, chu kỳ lý tưởng, tổng sản lượng. Không nhập các cột công thức.
A8: Bước 3 – Dừng máy | D8: Nhập Downtime Log: mỗi sự kiện một dòng với ngày, ca, máy, khung giờ, mã tổn thất và số phút dừng.
A9: Bước 4 – Chất lượng | D9: Nhập Quality Data: số sản phẩm NG theo từng khung giờ. Nếu có nhiều loại lỗi cùng giờ, nhập nhiều dòng.
A10: Bước 5 – Dashboard | D10: Đổi ngày, ca và mã máy tại Dashboard. KPI, bảng giờ, tổn thất và biểu đồ 7 ngày sẽ tự cập nhật.
A11: Bước 6 – Đối sách | D11: Nhập kế hoạch cải tiến phía dưới Dashboard; đặt người phụ trách, thời hạn và trạng thái.
A13: 2 / CÔNG THỨC OEE CHUẨN
A14: Planned Production Time | D14: PPT (phút) = Thời gian ca − Nghỉ dừng theo kế hoạch. Khung giờ 60 phút có nghỉ 30 phút chỉ tạo 30 phút PPT.
A15: Run Time | D15: Run (phút) = PPT − Dừng máy ngoài kế hoạch. Không trừ thời gian nghỉ 2 lần.
A16: Availability | D16: A = Run Time / PPT.
A17: Performance | D17: P = (Ideal Cycle Time (giây/SP) × Total Count) / (Run Time (phút) × 60).
A18: Quality | D18: Q = Good Count / Total Count. Good Count = Total Count − NG Count.
A19: OEE | D19: OEE = A × P × Q. Không cộng giá trị mất mát về Performance và Quality như phút dừng thực tế.
A21: 3 / CẤU TRÚC WORKBOOK
A22: OEE Dashboard | D22: Biểu mẫu tổng hợp có bộ lọc, 4 KPI, dữ liệu theo giờ, phân tích dừng máy, biểu đồ OEE và kế hoạch cải tiến.
A23: Production Data | D23: Bảng dữ liệu theo giờ; các cột tính toán được liên kết với Downtime Log và Quality Data.
A24: Downtime Log | D24: Nhật ký sự kiện dừng máy, có mã tổn thất từ Loss Codes.
A25: Quality Data | D25: Nhật ký lỗi chất lượng và số lượng NG, có thể nhiều loại lỗi mỗi giờ.
A26: Machine Master | D26: Danh mục máy và chu kỳ lý tưởng chuẩn tham khảo; khi nhập sản xuất nên xác định theo từng SKU.
A27: Loss Codes | D27: Phân loại tổn thất để thuận tiện thống kê và quản trị.
A28: Summary | D28: Tổng hợp OEE 7 ngày trước và gồm ngày được chọn; mọi chỉ số dựa vào dữ liệu nguồn.
A30: 4 / KIỂM SOÁT CHẤT LƯỢNG DỮ LIỆU
A31: Không nhập trùng sự kiện dừng máy; NG không được vượt tổng sản lượng; thời gian dừng không được vượt PPT; chu kỳ lý tưởng phải cập nhật khi thay đổi mã hàng. Nếu Performance vượt 100%, rà soát lại tiêu chuẩn hoặc dữ liệu sản lượng. Dữ liệu mẫu ở đây chỉ phục vụ thử công thức, không được công bố như Case Study thực tế.
A35: INVAMAX • Factory Operating Model Transformation | Giao diện minh họa dựa theo DNA xanh đen #0B211A, cam #FF6900 và nền sáng.
A38: Khi thêm dòng mới tại Production Data, hãy sao chép công thức từ hàng cuối ở các cột G, J:R xuống hàng mới. Ở Downtime Log và Quality Data, chỉ cần thêm dữ liệu phù hợp đúng ngày–ca–máy–khung giờ.
A40: SƠ ĐỒ LIÊN KẾT: Machine Master + Loss Codes → nhập Production Data / Downtime Log / Quality Data → Summary → OEE Dashboard.
